id,username,email,phone,address,cpf
101,Caio,caiobarreto@gmail.com,1234567891,"123 Main St, city, Country",03576300201
54,Davi_Costa,arthur81@example.com,(021) 8569-1559,Via Nathan Rocha\nNova Cachoeirinha\n17991938 Sales de Costa,815.607.942-67
105,João,joao@gmail.com,71982050825,"123 Main St, city, Country",03576300802
20,Laele,Caiobarreto00@gmail.com,12345678901,"123 Main St, city, Country",003.456.789-00
102,MAria,maria@gmail.com,1234567891,"123 Main St, city, Country",03576300201
103,Mario,mario@hotmail.com,12345678901,"123 Main St, city, Country",003.456.789-00
104,Mria,mari@gmail.com,1234567891,"123 Main St, city, Country",03576300201
19,Squad2,squad2ijj@ijj.com,12345678901,"123 Main St, City, Country",123.456.789-00
111,Vitoria,vitoria@hotmail.com,12345678901,"123 Main St, city, Country",003.456.789-00
12,ada-cunha,davi-lucasoliveira@ig.com.br,51 0649 6738,"Sítio Montenegro, 30
Estrela
55465458 Moura Alegre / PB",415.609.738-20
208,agatha36,fernandesana-beatriz@example.net,(084) 6876 7560,"Quadra Cecilia Cunha, 69
Aparecida
94397-612 Costa / AC",694.208.315-15
21,alexia66,ribeiroana-cecilia@example.com,31 2356-8072,"Área Gonçalves, 170
Ouro Preto
40264-970 Vasconcelos dos Dourados / AM",893.654.721-64
126,alice85,carolina29@example.org,+55 (081) 3542-9754,"Alameda Maya Ramos, 7, Martins, RS",285.391.740-14
263,almeidaesther,henry89@example.org,(061) 4605-3391,Núcleo de Martins - Vila Bandeirantes - 24385-032 Caldeira / MS,018.634.752-90
243,alvesmariana,hda-costa@bol.com.br,+55 81 7525 76,"Vale de Moura, 3
Ernesto Nascimento
57277-280 Aparecida / SP",792.543.061-34
116,amoreira,lavinia85@example.org,41 7039 8974,"Parque Siqueira, 78
Dom Bosco
98863-963 Moura do Galho / AP",298.704.156-01
225,ana-beatriz26,dantemarques@example.com,+55 41 1023 5456,"Trecho Fogaça, 4 - Vila Madre Gertrudes 2ª Seção - 55814050 Machado de Martins / AL",649.018.237-87
31,ana-beatrizcunha,heloisa49@example.com,+55 (081) 0260-2210,"Morro de da Mata, 33
Ipe
27489-085 Moraes do Galho / PB",107.285.496-11
50,ana-cecilia78,arthurda-rocha@example.com,+55 11 9553-9959,"Núcleo Farias, 654
Alto Caiçaras
96790730 da Conceição do Sul / AP",378.246.015-44
210,ana-laurasales,mariah50@example.com,0300-710-0083,"Núcleo Dom Macedo, 93
São Pedro
48748-940 Caldeira do Sul / ES",936.708.521-40
26,ana-lizbrito,mailijj@ijj.com,81 3048-2047,"Avenida de Silveira
Alto Vera Cruz
04663-501 Cassiano do Sul / SC",317.804.265-26
190,andradenathan,igor33@example.com,51 7849 4828,"Largo Maria Helena Almeida, 8 - Santa Amelia - 22775-325 Viana / PA",413.257.089-41
214,andrearaujo,albuquerquelorenzo@example.com,31 4108 7406,"Alameda de Costela, 769
Vila São Paulo
45765796 Silva da Serra / AL",926.147.085-85
88,anthony-gabrielpacheco,ana-beatriz96@example.com,21 6830-9167,"Rua de Cirino, 29
Pantanal
11811363 Azevedo / ES",319.602.857-77
158,arthur-gabriel41,ycostela@example.com,84 1374-0680,Feira de Sampaio - Parque São Pedro - 23484-991 Fernandes Grande / AP,726.018.543-08
165,arthur32,valentimda-paz@example.net,+55 (041) 8207-9384,"Rodovia de Costa, 14
Confisco
69225078 Ramos de Fonseca / SP",359.671.208-40
246,ayla04,ana-claragarcia@ig.com.br,+55 (021) 7498,"Residencial Pedro Henrique Cassiano, 47
Vila Nova Gameleira 2ª Seção
67690561 Casa Grande do Sul / AM",015.482.637-53
7,ayllasa,gustavo-henriquemoreira@example.net,0300-111-5762,"Estação de Fogaça, 721
Leonina
54298825 Nascimento de Minas / SE",216.597.348-19
144,azevedohadassa,cavalcantiotavio@example.net,+55 (011) 6056 7599,"Sítio Bianca Araújo, 988 - Conjunto Capitão Eduardo - 07096-431 Pereira do Norte / PR",518.672.039-95
14,bcamara,nunesmaria-fernanda@ig.com.br,(084) 4813 548,"Quadra de Moura, 530
Apolonia
56760-743 Pinto do Oeste / DF",018.269.734-78
142,benicio09,larissamontenegro@example.net,84 8641-8906,"Vila Arthur Miguel da Mota, 24 - Vila Aeroporto - 45724857 Câmara / ES",947.056.183-00
75,benjamimcaldeira,mendesmariane@example.org,11 2443 1238,"Recanto Novaes, 103
Cidade Nova
56590088 Duarte Grande / SE",157.430.682-08
238,benjamimcavalcante,dborges@example.com,71 2752 1100,"Trecho Machado, 3 - Jardim Atlântico - 74919-652 Santos / GO",187.056.432-44
68,benjamin50,teixeiralavinia@example.org,+55 (084) 0382 0119,"Travessa Guerra, 49
Vila Piratininga Venda Nova
15222155 Araújo de Aragão / CE",965.081.472-85
159,benjamingoncalves,martinsluiz-otavio@example.com,+55 (051) 8196-3707,"Condomínio Camargo, 91 - Novo Glória - 25995-383 Pires / RO",821.073.549-79
92,bernardofarias,coliveira@example.com,0800-118-0564,"Esplanada Jesus, 90
Novo Glória
41603696 Sousa Verde / DF",152.890.674-85
249,bmonteiro,silvayasmin@yahoo.com.br,51 0274 5797,"Avenida Yan Almeida, 16
Lagoinha
00822-460 Aragão do Oeste / RR",531.206.784-90
206,brayan69,bruna70@example.org,(031) 1940 0369,"Lagoa Maria Cecília Teixeira, 235
Aeroporto
93568-227 Rezende / DF",246.015.973-07
73,breno09,caleb30@example.org,+55 (021) 8886-4338,"Feira Mendonça, 78
Mineirão
78474-232 Teixeira / SE",810.954.726-58
85,breno88,eduardacassiano@example.org,+55 61 1552 9881,"Feira de Melo, 148
Diamante
95295101 Rocha / MT",473.105.268-80
152,britocatarina,rribeiro@example.org,+55 (23) 9 1967-5111,"Sítio de Cassiano, 70
Vila Antena Montanhês
01045-099 Viana Alegre / AL",714.560.392-61
220,bsa,levi57@example.org,(011) 5662-7283,"Praça Silva, 206
Camponesa 1ª Seção
07595-815 Machado / RS",140.925.387-23
172,bsantos,babreu@hotmail.com,+55 (051) 7972,"Quadra de Ribeiro, 21
Vila Aeroporto
17503-766 Machado de Goiás / AP",871.594.326-73
151,bsilva,eduardacassiano@example.net,81 5637 4232,"Loteamento Theo da Mata, 21
Vila São Paulo
86300-658 da Paz / SP",804.921.675-67
217,caldeiraarthur-miguel,dantefarias@example.net,41 9024 0930,"Viela de Pastor, 75
Sagrada Família
01534393 Sampaio de Pastor / AC",018.629.753-02
178,caldeiraleo,spacheco@yahoo.com.br,(061) 4266 943,"Estrada Sousa, 3
Juliana
28164-018 Cavalcante Alegre / RR",981.326.074-22
10,caldeiramaria-luisa,hcorreia@example.net,51 8960 0982,"Trecho de Câmara, 874
Mangueiras
33515094 Silva / AP",416.305.279-80
237,calebda-cruz,alana87@gmail.com,11 0298-6645,"Alameda de Garcia, 4
Alto Caiçaras
57738730 Nascimento Alegre / PE",319.075.648-10
87,calebe40,danilo85@example.net,+55 71 8006-7812,"Campo de Fonseca, 85
Confisco
29767-155 Costa da Praia / RO",860.351.427-53
112,calebebarbosa,eloah88@example.com,+55 84 3486-8651,"Praia Sabrina Farias, 268
Vila Real 1ª Seção
90032129 Costa de Minas / DF",57419682364
133,calebemendes,maria-helenalima@example.net,61 1898 5727,"Sítio Sophia Garcia, 78 - Santana Do Cafezal - 15504684 Melo Paulista / ES",278.591.643-37
198,camarahadassa,andradeguilherme@example.com,+55 81 0706-7426,"Parque de Novaes, 39 - Serra Verde - 75470911 da Conceição / GO",349.527.610-61
115,camargomarcela,nrezende@example.org,+55 41 2843-9082,"Conjunto Carolina Sousa, 32
Novo Santa Cecilia
72264942 das Neves da Prata / RO",295.718.063-40
205,camargomaria-clara,wborges@example.org,71 0454 9307,"Avenida Cirino, 59
Vila Petropolis
80770-657 Almeida Grande / GO",842.501.793-97
259,cardosofrancisco,hrodrigues@example.org,+55 (011) 9452-3118,"Recanto Alves, 33
Vila Copasa
17007-734 Sales de Pereira / MT",514.690.872-94
36,cardosoliam,rebeca41@example.net,0800 020 0536,"Estrada de Fogaça, 19
São Geraldo
36389-865 Moura / AL",205.974.618-30
213,casa-grandedavi-lucca,kamillyporto@example.net,(084) 3908-9944,"Núcleo Nascimento, 90
Serra Verde
77426-694 Cavalcanti das Pedras / RS",537.021.486-71
162,casa-grandemaria-fernanda,barrosrael@example.org,+55 (031) 94628-1668,"Jardim de Caldeira, 476
Baleia
53867523 Araújo / SE",452.381.709-04
127,cavalcantipietra,oliviacosta@example.org,(061) 7779-2859,"Praça Benjamin da Conceição, 66
Flavio De Oliveira
45892710 Araújo de Vargas / TO",794.150.682-30
173,cecilia08,wvargas@hotmail.com,31 8692-2653,"Residencial Joaquim Almeida, 56
Vila Santa Monica 2ª Seção
81436-056 Andrade dos Dourados / MT",627.038.415-07
95,cecilia75,thales54@example.org,+55 (031) 7724-2300,"Alameda de Sá, 958
Planalto
23023-051 Moura / BA",059.872.413-32
140,ceciliaazevedo,aragaomarcos-vinicius@example.org,0900 681 6774,"Fazenda de Ferreira, 84 - Copacabana - 56975524 Camargo de Moura / SP",694.830.215-70
177,cfernandes,dmachado@bol.com.br,84 0460-1197,"Favela Ravy da Cunha, 9
São João
93930428 Peixoto / AC",127.935.648-00
84,cnogueira,qmontenegro@example.com,+55 (041) 4188 8407,"Via Manuela Monteiro, 26
Estoril
57154-628 Cirino do Galho / MG",761.045.893-75
132,cnunes,npereira@example.com,(071) 8489-0379,"Favela das Neves, 9 - Cinquentenário - 73267694 Costela / MA",875.103.269-40
245,costaana,arthur-gabrielviana@hotmail.com,+55 (031) 4368,"Via Maria Clara Pastor, 87
Nazare
44985-505 Pinto / TO",386.501.972-21
17,costaaylla,cunhagustavo@gmail.com,(071) 8925-072,"Pátio de Fogaça, 54
Havaí
77533-953 Montenegro / AC",462.930.518-15
11,costabenicio,nascimentoyan@gmail.com,+55 21 1065-97,"Pátio Sofia Nogueira
Etelvina Carneiro
95231992 Carvalho dos Dourados / AC",236.019.745-25
74,costelaasafe,casa-grandeemanuel@example.net,+55 (061) 7664 9059,"Rodovia Garcia, 14
Barroca
50836-940 Novaes / RN",910.687.534-39
123,cunhabreno,davi-luiz06@example.com,+55 21 8705-6464,Pastor,987.564.013-10
55,da-costadaniel,mariana28@example.com,(051) 9198-3329,"Trecho de Moreira, 95
Mirtes
66804-384 Marques dos Dourados / MG",684.905.127-01
16,da-costajoana,nmonteiro@uol.com.br,+55 (021) 7054,"Colônia Gomes, 627
Alta Tensão 2ª Seção
08769191 da Mata do Norte / PR",504.817.269-85
32,da-mataeloa,vitor-hugovieira@example.org,(051) 4859-4131,"Praça Allana Porto, 61
Vila São João Batista
38150872 da Luz do Amparo / SP",543.872.906-92
256,da-mataenrico,pereirajoao-gabriel@example.net,(021) 2511 6214,"Colônia Moreira, 88 - Novo Glória - 80473489 Camargo de Minas / RJ",179.203.846-13
13,da-motahadassa,camposclara@bol.com.br,31 9981 9466,"Rodovia Thomas Fogaça, 196
São Cristóvão
04449598 Cavalcanti de Mendes / RS",860.529.147-85
224,da-motamaria,olivia69@example.com,+55 41 1413-7053,"Aeroporto Heitor Silveira, 9 - Europa - 03577380 da Mata do Oeste / RO",904.158.736-57
53,da-motamaria-laura,rebecapinto@example.org,+55 (051) 0535-3694,"Feira Vinicius Vargas
Vila Copasa
37388-544 Sales / MG",894.510.237-04
41,davi-lucasferreira,barbosagabriela@example.net,+55 11 6020 7310,"Recanto de Leão, 313
Vila Oeste
32033-169 da Rosa / AM",712.385.940-50
150,davi79,ravi-luccada-mota@example.com,(084) 5300-5470,"Distrito Ian Vieira, 220
Taquaril
88425812 Novaes / DF",510.372.948-23
181,dcampos,tpeixoto@bol.com.br,31 2987-8403,"Vila Alves
Tupi B
12409551 Cassiano / RO",104.826.397-50
209,dcunha,anna-liz98@example.org,+55 (051) 0357-2953,"Largo de Almeida, 2
Flamengo
37541-630 Marques do Norte / BA",438.105.697-39
107,demetrio,demetrio@gmail.com,71982050825,"123 Main St, city, Country",03576300802
91,diasdavi-luiz,nunesanna-liz@example.com,31 7704-2201,"Rua João Lucas da Mota, 89
Vila Maria
30584-162 Cavalcanti da Prata / CE",784.352.961-64
191,diego53,raquel53@example.net,41 5932 5199,"Estação de Silva, 535 - Vila Cemig - 86476560 Ferreira do Galho / RO",652.891.704-30
223,diogo15,diogo63@example.net,+55 (041) 6041 5109,"Lago Garcia, 85 - Dom Cabral - 91718-097 Pinto da Prata / AP",102.978.645-30
23,dionesilhabela,dionesilhabelatech@gmail.com,12982912522,"Rua da Ietec, Ilhabela-SP, Brasil",123.456.789-01
25,dionesilhabelajogajunto,dionesilhabelatechjj@gmail.com,12982912522,"Rua da Ietec, Ilhabela-SP, Brasil",123.456.789-01
22,dionesilhabelatech,dionesilhabela@gmail.com,12982912522,"Rua da Ietec, Ilhabela-SP, Brasil",12345678901
27,dionesilhabelatechijj,dionesilhabelatechijj@gmail.com,12982912522,"Rua da Ietec, Ilhabela-SP, Brasil",123.456.789-01
66,ecunha,stephany57@example.net,+55 11 4390-5230,"Lagoa Araújo, 90
Ouro Minas
70066316 Carvalho / RO",720.364.985-74
125,eda-conceicao,rsantos@example.com,+55 (041) 8900-1103,"Área Albuquerque, Salgado Filho, 26059-581,  Martins do Oeste, SC",209.486.153-89
81,eduardo89,nascimentocalebe@example.org,+55 (041) 3862 7029,"Estação Maya Machado, 29
São Salvador
15217-645 Teixeira de Montenegro / RJ",129.743.805-14
46,eloabarros,nogueiraarthur@example.org,+55 71 0010 8631,"Travessa Freitas, 77
Juliana
25458-342 Cardoso / AL",612.894.507-49
94,emanuella35,bruno21@example.com,+55 71 8713-8214,"Campo Luiza Rocha, 723
Aarão Reis
42026-311 Rodrigues de Minas / AC",185.930.672-12
135,emanuellyrocha,arthur71@example.com,71 0136 9219,"Distrito de Farias, 886 - Alta Tensão 1ª Seção - 98598436 Fernandes Grande / RN",452.013.769-16
216,enzoda-cruz,erickcostela@example.net,+55 81 5489-7823,"Pátio Ravi Duarte
Carlos Prates
31605127 Mendes / BA",248.765.109-11
117,erickramos,abreujoaquim@example.com,(011) 5789 3516,"Praia Vasconcelos, Jesus da Praia, Canadá",290.153.478-32
153,esantos,aparecidalara@example.org,+55 (94) 95345-7658,"Loteamento Sousa, 466
Vila Paquetá
53020-818 Nascimento da Serra / GO",746.283.091-40
160,ester32,mrezende@example.com,+55 31 2821 0770,Estação Cavalcante - Colégio Batista - 75893-121 Lima / AC,804.527.361-53
222,estherrezende,valentina97@example.com,84 0218-7172,"Ladeira Cecília Mendonça, 86 - Vila Cemig - 91408829 da Cruz / RR",682.435.170-90
196,eteixeira,cassianohenry-gabriel@example.net,+55 (021) 1119 9228,"Pátio de da Costa, 91 - Campo Alegre - 16425-557 Azevedo do Galho / PI",045.136.972-61
37,faker_da_Silva,faker.email@gmail.com,67984521521,faker.address,04615922159
38,fakerdaSilva,faker.email@outlook.com,67984521521,faker.address,04615922159
185,fcampos,mendoncamariah@uol.com.br,11 7807-0175,"Vale da Costa, 878
Vila Nova Gameleira 2ª Seção
82764461 Garcia das Pedras / MS",092.734.518-88
128,fernandanascimento,anna-liznunes@example.com,61 8705-2476,"Jardim Otávio Aparecida, 35
Nova Esperança
80486290 Andrade do Oeste / SC",15847032960
72,fernandarezende,macedocaroline@example.net,+55 (031) 4943 9207,"Ladeira Lívia da Mota, 6
Jardim São José
40564-432 Pinto / SP",428.163.790-78
215,fmendes,maria-clara52@example.com,+55 (011) 4904 2931,"Parque Carvalho
Santana Do Cafezal
21427523 Oliveira / ES",647.120.385-35
149,garciajade,almeidaaurora@example.com,+55 (031) 5105 4664,"Trecho de Mendes, 1 - Gutierrez - 42870432 Ramos / PA",638.274.051-90
124,giovanna70,isisferreira@example.org,+55 (021) 1705-7581,"Morro Isabelly Guerra, 87, São Tomaz, Duarte Grande, ES",246.195.308-24
236,gomesarthur,caio59@hotmail.com,+55 84 0688 26,"Rodovia de Pires, 6
Miramar
45954-004 Carvalho de Dias / MT",174.893.502-04
207,goncalvesagatha,jdas-neves@example.net,(011) 8293-2476,"Viaduto Davi Lucas Nascimento
Lourdes
14730-818 Dias / BA",247.906.835-83
110,grilo,grilo@gmail.com,71982080540,"123 Main St, city, Country",03576300502
174,gustavo-henriqueda-mota,vianalucca@yahoo.com.br,(051) 1916-591,"Viela Garcia, 94
Vila Nova Paraíso
02560559 Pimenta do Galho / AM",713.840.529-41
161,hadassa30,da-pazsofia@example.com,+55 (22) 9 1262-5981,"Fazenda de Leão, 3
Jardinópolis
30338913 da Conceição / DF",972.185.043-88
192,hda-luz,marcelabarros@example.net,(011) 6441-4601,"Parque Alice Farias, 5 - Vila União - 33591493 da Mata de Silva / ES",571.824.036-17
61,heitorramos,mateus29@example.net,+55 21 8853-1724,"Recanto Mariane da Mota, 36
Conjunto Califórnia I
82627-315 Pereira do Campo / SC",549.271.630-16
24,helena54,camaravinicius@example.net,11 3916-4667,"Setor da Paz, 13
Monte São José
88895033 Freitas do Amparo / SE",927.803.451-79
56,helenagomes,mgomes@example.org,81 6657-9767,"Vila de Sales, 76
Solar Do Barreiro
01158-895 Moraes dos Dourados / AP",641.897.523-55
70,hellenaazevedo,cavalcanteemilly@example.com,81 3412-5760,"Alameda de Siqueira, 92
Esplanada
19954-730 Andrade / SC",784.651.290-02
170,hellenacardoso,gcaldeira@ig.com.br,0300 724 4847,"Residencial Nunes, 489
Floresta
94208815 Jesus / CE",734.851.920-23
51,heloisafogaca,hda-cunha@example.org,(041) 5293-6587,"Travessa de Martins, 51
Vila Santo Antônio Barroquinha
08566763 Azevedo das Flores / RR",103.896.572-12
62,hfarias,uferreira@example.net,+55 71 6935 6025,"Ladeira Beatriz Campos, 466
Vila Petropolis
92060-001 da Cruz / MA",976.204.518-11
119,hfernandes,danielasilveira@example.net,+55 (051) 0401 3861,"Lagoa Silva, Sousa de Novaes, Tunísia",520.793.861-40
157,iborges,oliver81@example.org,(041) 8446-9448,"Colônia Luiz Felipe da Mota, 89 - Centro - 95918169 da Cunha do Amparo / RO",726.401.589-02
52,ifogaca,da-pazvalentim@example.net,0900 344 1495,"Favela Pedro Lucas da Cunha, 82
Itatiaia
15361591 Mendes / AP",460.187.359-20
6,ioliveira,yalbuquerque@example.org,71 0720 5211,"Morro Ana Beatriz Siqueira, 30
Sion
13236-730 Jesus do Norte / CE",410.795.836-10
33,isabelcamara,oliver26@example.org,+55 (071) 2510-7542,"Via de da Luz, 46
Vista Do Sol
14313965 Farias do Norte / TO",645.918.037-75
227,isaque25,matteofernandes@bol.com.br,+55 (061) 8228,"Pátio Yago Fonseca, 8
Álvaro Camargos
89660822 Souza das Pedras / TO",804.139.275-04
176,jleao,alvesana-julia@hotmail.com,+55 (071) 0566,"Colônia de Cassiano
Vila Nova Cachoeirinha 1ª Seção
65296700 Lopes / AC",285.493.106-89
100,joao,joao0@hotmail.com,12345678901,"123 Main St, city, Country",003.456.789-00
167,joao-guilhermemontenegro,marceloaraujo@example.com,41 4744-3115,"Viaduto da Rosa, 8
Nova Floresta
33246437 Freitas / RR",472.936.081-87
255,joao-vitorduarte,stephany99@hotmail.com,+55 11 7132-06,"Morro Sá, 41
Vila Paquetá
47291-121 Nogueira / PB",679.430.851-75
121,joao-vitorsales,vianacatarina@example.org,0900 567 8447,Vieira,019.768.524-20
251,joaoferreira,bcarvalho@yahoo.com.br,+55 61 5925-75,"Vila de Nunes, 18
Cardoso
47213078 Fogaça de Carvalho / MS",817.093.254-88
120,joaquim67,macedokamilly@example.org,+55 (011) 7492-9846,"Passarela Asafe Cirino, Vargas, Vietnam",904.123.586-89
40,joaquimjesus,eduardadias@example.org,(061) 4185-8436,"Parque de Nascimento
Horto Florestal
20652-312 da Mota / ES",572.809.614-01
195,jose52,thomas50@example.org,(081) 1823-4593,"Estação de Cirino, 47 - Vila Nova Gameleira 2ª Seção - 52087787 Dias do Oeste / RR",540.917.682-02
257,jsousa,otavio53@example.org,+55 (071) 7100 5139,"Setor Cassiano, 20
Vila Das Oliveiras
26964-400 Macedo / PB",308.762.591-40
193,jvasconcelos,daniel04@example.net,84 2171 6727,"Feira Nascimento, 9 - Vitoria - 69851487 Cardoso do Galho / GO",103.968.524-24
182,kbrito,jesuslara@bol.com.br,+55 (021) 7235,"Jardim Rodrigues, 3
Vista Do Sol
73861-121 Aparecida de Goiás / RO",541.097.368-20
60,kjesus,da-rochamaria-helena@example.org,(081) 5264 3791,"Passarela Arthur Gabriel Oliveira, 947
Minas Brasil
25717916 Ribeiro / MA",418.907.236-22
260,knunes,da-rochabruna@gmail.com,85931153210,"Residencial João Miguel Campos, 788
Conjunto Jatoba
40623739 Fogaça do Amparo / SC",547.318.029-97
166,larissacorreia,fernandobarros@example.net,21 2659-7046,"Lagoa Lavínia Gomes, 99
Santa Isabel
93169653 da Rosa / RS",902.815.637-21
230,laura94,breno82@uol.com.br,71 3262-9989,"Viaduto Luiz Henrique Marques, 23
Mirtes
30836-364 Sá da Serra / MA",971.628.045-94
139,laviniasouza,xcardoso@example.net,61 5056-4157,"Rua Henrique Novais, 33 - Túnel De Ibirité - 14224922 Novaes da Praia / RR",325.148.790-60
65,lcarvalho,jnogueira@example.org,+55 21 1754 2724,"Vereda Marcela Porto
Jonas Veiga
72292066 Souza / AL",790.362.485-74
35,lda-rocha,yuri73@example.org,0500 523 6132,"Sítio Pinto, 6
Grota
25782380 da Cunha / MA",914.768.025-30
189,ldas-neves,bduarte@example.org,31 3742 6274,"Praça de Correia, 89 - Conjunto Floramar - 13264-069 Correia / MA",281.053.794-14
134,leo71,benicio31@example.net,(011) 1208-6417,"Esplanada de Ribeiro, 15 - Conjunto Santa Maria - 83069-747 Cirino / MA",706.893.541-93
43,leonardo24,maysa66@example.org,+55 51 7413 0150,"Chácara Almeida, 423
Monte Azul
03827529 Ferreira / CE",139.685.042-24
78,leonardoda-cunha,aragaoheloisa@example.com,+55 31 2625-2917,"Travessa de Sá, 784
Vila Antena
24565593 Sampaio / PE",870.635.941-84
188,leorezende,costahenrique@example.org,+55 51 4426 6991,"Praia Ísis Machado, 59 - Vila União - 57548436 Rodrigues / DF",259.368.107-12
204,liam42,henryteixeira@example.net,+55 (041) 0241 6018,"Trevo de Santos, 529
Santa Cruz
00640-606 Silva / RN",540.972.386-47
234,lmontenegro,aylla46@ig.com.br,51 6103 9935,"Área de Cunha, 81
Gameleira
07461806 Costela / RS",345.179.820-41
261,lucas-gabriel01,daniel64@example.com,(084) 3687 7900,"Morro Guilherme Novais, 42 - Alto Barroca - 88846-012 Barros / AL",104.289.675-58
194,luigiaparecida,wrodrigues@example.com,+55 71 4390-3985,"Via de Pereira, 85 - Morro Dos Macacos - 52858-262 Montenegro / MS",576.182.403-53
232,luisa08,castrobianca@example.com,+55 (061) 7484-6343,"Travessa de Câmara, 61 - Beija Flor - 71420495 Câmara / AP",069.852.173-03
138,luiz-gustavo43,pimentamarcelo@example.org,81 8942-5720,"Vereda Mariah Fernandes, 8 - Lindéia - 33191422 Ramos do Galho / AP",043.825.671-90
18,luiza53,onogueira@ig.com.br,84 3462-3696,"Área Théo Montenegro, 86
Vila Maloca
22874-502 Moreira do Norte / RR",678.150.439-84
252,luiza83,vrocha@uol.com.br,+55 (084) 0466,"Largo de Cunha, 55
Boa União 1ª Seção
92780232 Teixeira / AC",208.673.591-02
69,lunapinto,agatha31@example.org,+55 (021) 3298 6410,"Distrito Silva, 5
Vila Santo Antônio Barroquinha
28602676 Nunes / AP",018.637.592-12
201,macedomaria-clara,wcavalcanti@example.com,+55 (071) 3641 6808,"Aeroporto da Cunha, 83
Universo
10990-793 Costa / RR",785.013.249-14
76,marcos-vinicius32,isispimenta@example.net,+55 (011) 2161 6296,"Fazenda de Pastor, 452
Vila Da Paz
12831442 Brito / SE",039.145.268-15
212,maria-cecilia08,rhavi97@example.com,+55 84 5057-1883,"Viela Cavalcante
Vila Puc
37811-009 Nunes / RR",564.210.783-62
143,maria-cecilia56,raquelsilveira@example.net,11 9501 3253,"Sítio Monteiro, 13 - Vila Madre Gertrudes 1ª Seção - 91157-149 Gomes dos Dourados / PI",357.946.208-38
59,maria-helena69,peixotodiogo@example.net,(021) 4837 5130,"Chácara Oliver Sá, 36
Custodinha
30958333 da Cruz / PB",135.786.902-95
114,maria-luisacunha,sampaiomaria-clara@example.org,(021) 4647 8249,"Lagoa de Leão, 494
Conjunto Califórnia Ii
97738472 Montenegro / PI",75128369455
57,maria-luiza40,alana18@example.net,61 3980 7879,"Avenida de da Paz, 27
Outro
05313704 Garcia Grande / CE",806.493.127-40
219,mariahlopes,camargodavi@example.com,+55 (071) 6296 2250,"Morro de Andrade
Vila Santo Antônio Barroquinha
97418221 Câmara / MA",462.793.805-56
200,marquesdavi-lucas,qvargas@example.net,+55 81 9785-4903,"Praça de da Rocha, 95
Araguaia
04410-266 Gonçalves / PB",135.694.702-61
147,mateus61,nataliada-luz@example.net,(031) 5235-2256,"Vale Maria Clara Siqueira, 91 - Heliopolis - 51778764 Alves da Mata / RS",627.458.109-01
97,mateus89,sophie73@example.com,+55 81 6905-1879,"Trecho Bella Carvalho
Santa Lúcia
11443621 da Mata Alegre / PR",476.028.931-31
130,mateuscunha,ravi-luccamoreira@example.com,84 3558-0932,"Pátio Macedo, 5
Capitão Eduardo
04089948 Melo / AL",76249081585
131,matteocamargo,helenacaldeira@example.net,11 7088 9279,"Avenida Anthony Gabriel Pereira, 966
Alto Das Antenas
47522-685 Garcia do Campo / GO",801.394.765-39
79,maysacampos,sarah06@example.com,+55 (084) 1196 9245,"Feira Dante Souza, 4
Esplanada
73242-201 Fernandes / RN",743.529.108-05
67,mbrito,andradekamilly@example.net,81 1381-4312,"Colônia de da Conceição, 81
Paulo Vi
98049-248 Ferreira Alegre / GO",320.941.857-88
4,melissa07,machadoluiz-gustavo@example.org,61 3182-6995,"Lagoa Nascimento, 518
Suzana
06170-681 da Luz / PA",530.916.782-02
145,mendesbento,evelyn67@example.net,31 0207 1398,"Ladeira Silveira, 587 - Minas Caixa - 90737010 Andrade / SP",104.258.367-62
186,milenaalmeida,nicolenascimento@gmail.com,81 1487-0578,"Favela Maitê Cardoso, 21
Caetano Furquim
66604332 Castro de Moreira / RJ",012.469.738-04
15,mirella54,santosluna@uol.com.br,(061) 9411 528,"Residencial Vitor Gabriel Monteiro, 655
São Jorge 3ª Seção
81850-260 Cunha / PI",857.691.420-49
141,mirellamartins,luanapires@example.net,(041) 8692 2294,"Feira Vitor Ferreira, 5 - Vila São Dimas - 18341471 Moreira / RR",753.261.049-70
77,montenegrostella,luna86@example.com,+55 (081) 6488-2309,"Passarela Farias, 8
Prado
59442-135 Teixeira do Amparo / PB",632.017.854-07
48,moreiraagatha,alexia11@example.com,(041) 5797 0064,"Colônia de Macedo, 20
João Pinheiro
92579403 Farias da Serra / CE",842.915.367-55
86,moreirastephany,davi-lucasmoura@example.net,(081) 0163 6149,"Trevo Caldeira, 1
Tupi A
25950300 Moraes de Novaes / MA",726.914.380-31
250,muriloda-mata,isabelly05@yahoo.com.br,31 3165-8275,"Ladeira Emanuel Gonçalves, 960
Mangabeiras
17019828 Rodrigues do Galho / DF",463.859.172-82
154,nascimentoagatha,mendoncajoao-lucas@example.net,(051) 9966 8936,"Lago Ayla Moura, 9 - Beija Flor - 56396-901 Moreira / SE",472.619.350-34
146,nascimentoheloisa,ravy83@example.com,+55 (071) 3873 5405,"Vale Carlos Eduardo Camargo, 538 - Vila Inestan - 53064609 Fonseca / DF",198.425.706-49
199,nathan43,fonsecamaria-fernanda@example.org,81 3277 0380,"Chácara Rafael Castro, 28
Granja Werneck
90763-030 Cavalcante / SC",347.610.895-39
1,newuser23,newuser23@example.com,12345678901,"123 Main St, City, Country",123.456.789-00
28,newuser233,newuser233@example.com,71992997191,"123 Main St, City, Country",123.456.789-00
3,newuser234,newuser213@example.com,12345678901,"123 Main St, City, Country",123.456.789-00
5,newuser2345,newuser2135@example.com,12345678901,"123 Main St, City, Country",123.456.789-00
30,newuser3233,newuser2333@example.com,7133333992997191,"123 Main St, City, Country",123.456.789-00
168,nicoleandrade,kdas-neves@example.org,+55 11 6046 9792,"Largo Enzo Gabriel Azevedo, 979
Barro Preto
84617-729 Siqueira / AC",742.358.069-47
71,nina32,luna19@example.com,81 5853 9498,"Favela Gael Silveira, 91
Vila Pinho
70557683 Barros de Aragão / CE",870.491.623-96
262,noah06,goncalvesmirella@example.com,+55 (081) 3977 5784,"R - e - s - i - d - e - n - c - i - a - l -   - d - e -   - C - a - m - a - r - g - o - , -   - 2 - 9 - 
 - C - o - n - j - u - n - t - o -   - T - a - q - u - a - r - i - l - 
 - 6 - 3 - 4 - 2 - 7 - - - 3 - 8 - 2 -   - d - a -   - M - a - t - a -   - d - a -   - S - e - r - r - a -   - / -   - P - R",173.246.859-19
64,noahramos,da-luzlais@example.org,0500 399 9457,"Sítio Eduarda Sousa, 56
Vila Aeroporto
43818686 Pires de Rocha / MG",714.829.603-03
197,noliveira,ugomes@example.org,+55 11 5422-3289,"Favela Casa Grande, 24 - Dom Bosco - 17704-512 Almeida de Fernandes / RR",841.793.250-04
34,novaesthales,montenegromiguel@example.net,+55 (061) 4509 1018,"Chácara de Mendes, 95
Vila Nova Cachoeirinha 3ª Seção
22247529 Guerra / GO",319.806.754-57
258,novaisclarice,oaparecida@example.com,(084) 2781-0982,"Trevo de da Rocha, 3 - Beija Flor - 12265-838 Pimenta / RO",563.124.790-99
118,nuneshenrique,rodriguesmarcela@example.org,(051) 9681 3934,"Viela Maria Luiza Rezende, Câmara dos Dourados, Congo-Brazzaville",536.187.094-39
202,oda-mata,maria61@example.com,+55 (021) 2952-5966,"Distrito de da Luz
Vila Bandeirantes
28358-445 Alves de Minas / BA",180.437.265-07
137,oliveiramaria-isis,jbrito@example.com,0500-228-1716,Via Matteo Borges - Carmo - 71861-038 Santos / RN,358.179.402-05
98,osa,cauacavalcanti@example.net,0900-697-3333,"Rua das Neves, 45
Boa Vista
52702-774 Freitas da Praia / ES",398.671.245-37
136,osiqueira,allanaalmeida@example.com,+55 (011) 0955 0636,"Praça de Oliveira, 872 - Vila Independencia 3ª Seção - 84868037 Correia do Amparo / PA",583.926.107-68
45,otavio23,krios@example.com,+55 (041) 3448 2798,"Lagoa de Albuquerque, 25
Vila Madre Gertrudes 4ª Seção
73912-272 Rocha / BA",721.904.368-69
113,otaviobarros,melissa79@example.com,(081) 0829-4857,"Campo Marcela Souza, 83
Novo Glória
16902-449 Souza / PI",10836945298
242,otto17,dda-cunha@yahoo.com.br,(081) 8821 201,"Loteamento de Mendes
Horto Florestal
98646-396 Novaes / MT",380.596.427-74
106,oão,joo@gmail.com,71982050825,"123 Main St, city, Country",03576300802
8,peixotogael-henrique,calebegarcia@example.com,81 8558 4458,"Setor de Porto, 26
Vila Real 1ª Seção
31660951 Cirino de Silveira / ES",784.901.235-60
148,pereirabeatriz,da-rosaagatha@example.org,+55 21 1775-7110,Vale Danilo Peixoto - Jaraguá - 17726-395 da Cunha da Serra / PR,489.071.523-14
80,pereiraliz,fabreu@example.org,+55 (021) 3028-2516,"Trevo de Caldeira, 39
Maria Tereza
00228589 Ramos / BA",831.697.405-39
83,pguerra,trodrigues@example.net,0900-646-2096,"Praça de Albuquerque, 79
Senhor Dos Passos
47214883 Marques / RS",235.806.749-00
233,qgarcia,cavalcantiyan@example.com,41 8571-1076,"Rodovia Levi Novais, 6 - Vila Independencia 1ª Seção - 82296705 Nogueira de Lima / PI",804.671.239-69
254,rafaela11,emillyda-paz@example.net,+55 61 4066-7578,"Conjunto de Sousa, 440
Funcionários
33076224 Rezende de Minas / CE",520.736.498-74
169,ramoscaleb,santossofia@bol.com.br,+55 (071) 5584,"Área Souza, 735
Vila Madre Gertrudes 3ª Seção
80784-066 Azevedo / SE",438.916.075-39
248,ramosmariane,sabrinaaragao@hotmail.com,0900-673-3775,"Jardim de Sampaio, 2
Mariano De Abreu
47242-143 Mendonça da Praia / PI",659.738.012-68
221,raulcostela,raelgomes@example.com,31 4992-2910,"Feira de Rios, 6
Vila Paquetá
38717407 Lima / RR",368.179.425-19
231,ravy25,pintobenjamin@example.com,(011) 6478 7472,Sítio Ana Luiza Oliveira - Varzea Da Palma - 11899-699 Rios / MT,423.601.857-80
42,rda-mata,fcassiano@example.org,+55 (051) 0119-9680,"Jardim de da Conceição, 99
Conjunto Minas Caixa
92995315 Vasconcelos de Barros / MT",947.861.253-00
58,rda-rosa,barbarabrito@example.org,71 6534-8263,"Residencial Freitas, 167
Nova Esperança
84242-659 Almeida da Praia / MA",538.426.791-73
39,rebeca92,silvaemanuelly@example.org,+55 (021) 7901 8919,"Avenida de Souza, 70
Marmiteiros
65010-022 da Rosa / DF",893.014.276-13
163,renanalves,tcavalcanti@example.org,+55 (50) 97530 4143,"Campo Isabella Cavalcanti, 92
Monte Azul
63325851 Guerra / SP",580.246.139-05
122,ribeirolara,novousuario@example.com,84 5713-2152,Araújo das Flores,890.724.365-47
184,rjesus,vicentemontenegro@uol.com.br,+55 (084) 2948,"Colônia Isabella Guerra, 22
Chácara Leonina
82243793 Fogaça de Barbosa / DF",375.960.182-03
229,rochaian,silvamaria-helena@bol.com.br,+55 (084) 8424,"Rua Felipe Albuquerque, 8
Novo Glória
91686-946 Novaes Paulista / PE",067.481.293-03
9,rodrigo25,limamaite@bol.com.br,21 6475 1724,"Feira de Vieira
Cdi Jatoba
76880-683 Rios / AL",813.057.946-48
99,rodriguesjulia,andradesabrina@example.net,+55 31 7227-8542,"Avenida da Costa
Vila São João Batista
87392-185 Montenegro / ES",795.810.324-79
44,ryanfarias,benjamin26@example.net,0800 134 6817,"Conjunto de Pires, 9
Estrela Do Oriente
60593-379 Sales dos Dourados / MT",869.013.472-78
226,sabrinamendonca,theo35@example.net,(071) 5210-2898,"Jardim Lucas Gabriel Peixoto, 25 - Flavio De Oliveira - 30705-171 Melo Grande / SP",084.972.356-65
235,saemanuelly,ebarros@gmail.com,0900 755 7732,"Feira Pimenta, 42
Vila Minaslandia
33410-106 Nascimento de Minas / ES",807.639.415-57
63,samuelcorreia,das-nevespedro@example.net,61 1226 3348,"Feira Fernandes, 506
Vila Ouro Minas
54646-130 Freitas da Praia / CE",519.704.832-88
156,santosfrancisco,rsousa@example.org,(011) 6710 4335,"Vale de Farias, 53 - Savassi - 45588-408 Câmara da Mata / SP",987.054.126-76
179,sarabarbosa,ramosalicia@bol.com.br,+55 (021) 9891,"Pátio Renan Santos
Esperança
47495-536 Andrade / AC",274.389.051-79
211,sophia28,bborges@example.com,+55 (031) 4081-1958,"Lagoa Júlia Vasconcelos, 4
Santa Cecilia
35142024 Macedo do Campo / PA",402.718.396-78
47,sophiecardoso,caue28@example.net,+55 51 8107 2515,"Setor Yuri das Neves, 21
Dom Joaquim
53252-726 Aragão / PA",538.074.269-65
96,speixoto,yan24@example.net,+55 (051) 5449 3657,"Distrito Rocha, 13
Aguas Claras
86996-007 Mendes / CE",140.862.395-15
175,steixeira,maria-fernanda08@bol.com.br,(061) 2074 350,"Vila de Correia, 24
Floresta
90020676 Costela / RR",072.846.935-92
253,stella04,benjamin83@bol.com.br,81 7333-1862,"Distrito Vitória Marques
Guaratã
18430-868 Macedo do Campo / SP",063.927.418-87
108,taiana,taiana@gmail.com,71982050825,"123 Main St, city, Country",03576300802
164,taraujo,da-cunhamaria-cecilia@example.org,+55 04 92957-8535,"Setor Ana Porto, 44
Vila Nova
80968055 Vieira do Norte / CE",642.985.307-10
239,tcasa-grande,pastoraugusto@hotmail.com,61 2096-9663,"Recanto Vasconcelos, 6
Boa União 2ª Seção
99507-288 Carvalho / AC",971.845.360-10
82,theo29,mariasampaio@example.com,+55 31 8214 6294,"Recanto da Mata, 6
Granja Werneck
95196324 Cirino da Serra / RN",587.209.463-92
89,theocosta,nunesdavi-luiz@example.com,41 2694 4476,"Colônia Aurora Rodrigues, 494
Aarão Reis
63526-230 Martins de Santos / CE",683.419.025-24
241,theorezende,da-conceicaoleonardo@gmail.com,(081) 7064-337,"Passarela de da Paz, 617
Serra Do Curral
55791385 da Luz da Praia / DF",926.475.810-02
109,tibreu,tibreu@gmail.com,71982050825,"123 Main St, city, Country",03576300802
180,tleao,thalesoliveira@gmail.com,(041) 5060 581,"Vereda de Pires, 44
Vila Antena
29937364 Abreu de Vasconcelos / RJ",145.062.398-06
244,uabreu,fariaslevi@example.net,(011) 3468-6740,"Viela Vinicius Guerra, 9 - Vila Santo Antônio - 10981-731 Barros / ES",984.270.156-58
2,userteste,teste@teste.com,12345678901,"123 Main St, City, Country",003.456.789-00
49,vcastro,larissada-cruz@example.net,0800 730 5797,"Estrada Sarah Câmara, 88
Marieta 3ª Seção
18412147 Sampaio de Montenegro / AM",498.631.052-60
29,vcavalcanti,melobella@example.net,7182311333,"Lago de Porto, 275
São Pedro
27201-476 Pires / AP",814.750.392-04
218,vicenterezende,andre66@example.com,(084) 4323 0219,"Favela Milena Araújo, 94
Aparecida 7ª Seção
22270515 Fogaça de Pinto / MT",891.674.520-94
155,viniciuscasa-grande,sarada-cruz@example.com,+55 11 5118-2469,"Praça Enzo Gabriel Marques, 92 - Centro - 30742000 Azevedo / MA",316.402.958-60
90,vitoria46,fbarbosa@example.net,+55 (021) 0334-8708,"Condomínio de Moraes, 72
Urca
21495-211 da Cunha / MA",986.124.053-51
203,wgomes,fonsecabreno@example.org,(011) 1462 7358,"Passarela Macedo, 986
Vila Maria
18637-501 Dias do Norte / RS",310.796.248-13
228,wnogueira,otto62@example.org,+55 (061) 4808 4843,"Núcleo Larissa Macedo, 98 - Gutierrez - 13918-637 Aragão do Campo / ES",470.862.359-38
129,yago21,lorenzobrito@example.org,41 8622 8228,"Fazenda de Sales, 677
Vila Madre Gertrudes 1ª Seção
76625476 Araújo de Abreu / SE",64925301799
247,yaragao,pda-cruz@hotmail.com,11 2823 7978,"Trecho da Cruz, 499
Floresta
01335046 Moraes / PR",248.561.370-26
187,yda-mata,maria-sophiaguerra@hotmail.com,+55 81 1377 47,"Campo Carvalho, 12
Vila Atila De Paiva
94047400 da Cunha / TO",785.210.643-90
93,ygomes,rael84@example.org,0500-257-7388,"Morro Ravi Silva, 894
Cinquentenário
06342-138 Pastor Alegre / RR",816.097.542-20
240,zoe56,melissa52@example.org,(081) 7339-7394,"Favela Peixoto, 52 - Pindura Saia - 92647689 Leão de das Neves / PA",780.265.431-90
171,zoefernandes,hrocha@uol.com.br,21 1436 7693,"Parque Guilherme Jesus, 98
Vila Mangueiras
76349-328 Vargas de das Neves / CE",950.324.781-05
183,zoegarcia,rafaelrocha@uol.com.br,(061) 4110 000,"Fazenda de Silva, 16
Sion
42147-377 da Paz do Sul / AL",217.089.356-30
